{
  "fio version" : "fio-3.7",
  "timestamp" : 1576620329,
  "timestamp_ms" : 1576620329112,
  "time" : "Tue Dec 17 15:05:29 2019",
  "global options" : {
    "filename" : "/librbd0",
    "rw" : "write",
    "ioengine" : "rbd",
    "clientname" : "admin",
    "pool" : "rbd",
    "rbdname" : "fiorbd",
    "iodepth" : "16",
    "numjobs" : "24",
    "runtime" : "120"
  },
  "jobs" : [
    {
      "jobname" : "write-32k",
      "groupid" : 0,
      "error" : 0,
      "eta" : 0,
      "elapsed" : 121,
      "job options" : {
        "name" : "write-32k",
        "bs" : "32k"
      },
      "read" : {
        "io_bytes" : 0,
        "io_kbytes" : 0,
        "bw_bytes" : 0,
        "bw" : 0,
        "iops" : 0.000000,
        "runtime" : 0,
        "total_ios" : 0,
        "short_ios" : 0,
        "drop_ios" : 0,
        "slat_ns" : {
          "min" : 0,
          "max" : 0,
          "mean" : 0.000000,
          "stddev" : 0.000000
        },
        "clat_ns" : {
          "min" : 0,
          "max" : 0,
          "mean" : 0.000000,
          "stddev" : 0.000000,
          "percentile" : {
            "1.000000" : 0,
            "5.000000" : 0,
            "10.000000" : 0,
            "20.000000" : 0,
            "30.000000" : 0,
            "40.000000" : 0,
            "50.000000" : 0,
            "60.000000" : 0,
            "70.000000" : 0,
            "80.000000" : 0,
            "90.000000" : 0,
            "95.000000" : 0,
            "99.000000" : 0,
            "99.500000" : 0,
            "99.900000" : 0,
            "99.950000" : 0,
            "99.990000" : 0
          }
        },
        "lat_ns" : {
          "min" : 0,
          "max" : 0,
          "mean" : 0.000000,
          "stddev" : 0.000000
        },
        "bw_min" : 0,
        "bw_max" : 0,
        "bw_agg" : 0.000000,
        "bw_mean" : 0.000000,
        "bw_dev" : 0.000000,
        "bw_samples" : 0,
        "iops_min" : 0,
        "iops_max" : 0,
        "iops_mean" : 0.000000,
        "iops_stddev" : 0.000000,
        "iops_samples" : 0
      },
      "write" : {
        "io_bytes" : 10834345984,
        "io_kbytes" : 10580416,
        "bw_bytes" : 90113498,
        "bw" : 88001,
        "iops" : 2750.045746,
        "runtime" : 120230,
        "total_ios" : 330638,
        "short_ios" : 0,
        "drop_ios" : 0,
        "slat_ns" : {
          "min" : 3561,
          "max" : 1158207,
          "mean" : 17739.536278,
          "stddev" : 18826.010487
        },
        "clat_ns" : {
          "min" : 6591249,
          "max" : 1397138531,
          "mean" : 139458746.513202,
          "stddev" : 91070002.361563,
          "percentile" : {
            "1.000000" : 20840448,
            "5.000000" : 40108032,
            "10.000000" : 57933824,
            "20.000000" : 78118912,
            "30.000000" : 91750400,
            "40.000000" : 103284736,
            "50.000000" : 114819072,
            "60.000000" : 128450560,
            "70.000000" : 152043520,
            "80.000000" : 187695104,
            "90.000000" : 252706816,
            "95.000000" : 325058560,
            "99.000000" : 480247808,
            "99.500000" : 557842432,
            "99.900000" : 683671552,
            "99.950000" : 767557632,
            "99.990000" : 1082130432
          }
        },
        "lat_ns" : {
          "min" : 6607011,
          "max" : 1397154793,
          "mean" : 139476486.049480,
          "stddev" : 91071503.439698
        },
        "bw_min" : 256,
        "bw_max" : 12608,
        "bw_agg" : 4.170824,
        "bw_mean" : 3670.366620,
        "bw_dev" : 1816.185841,
        "bw_samples" : 5758,
        "iops_min" : 8,
        "iops_max" : 394,
        "iops_mean" : 114.661341,
        "iops_stddev" : 56.762437,
        "iops_samples" : 5758
      },
      "trim" : {
        "io_bytes" : 0,
        "io_kbytes" : 0,
        "bw_bytes" : 0,
        "bw" : 0,
        "iops" : 0.000000,
        "runtime" : 0,
        "total_ios" : 0,
        "short_ios" : 0,
        "drop_ios" : 0,
        "slat_ns" : {
          "min" : 0,
          "max" : 0,
          "mean" : 0.000000,
          "stddev" : 0.000000
        },
        "clat_ns" : {
          "min" : 0,
          "max" : 0,
          "mean" : 0.000000,
          "stddev" : 0.000000,
          "percentile" : {
            "1.000000" : 0,
            "5.000000" : 0,
            "10.000000" : 0,
            "20.000000" : 0,
            "30.000000" : 0,
            "40.000000" : 0,
            "50.000000" : 0,
            "60.000000" : 0,
            "70.000000" : 0,
            "80.000000" : 0,
            "90.000000" : 0,
            "95.000000" : 0,
            "99.000000" : 0,
            "99.500000" : 0,
            "99.900000" : 0,
            "99.950000" : 0,
            "99.990000" : 0
          }
        },
        "lat_ns" : {
          "min" : 0,
          "max" : 0,
          "mean" : 0.000000,
          "stddev" : 0.000000
        },
        "bw_min" : 0,
        "bw_max" : 0,
        "bw_agg" : 0.000000,
        "bw_mean" : 0.000000,
        "bw_dev" : 0.000000,
        "bw_samples" : 0,
        "iops_min" : 0,
        "iops_max" : 0,
        "iops_mean" : 0.000000,
        "iops_stddev" : 0.000000,
        "iops_samples" : 0
      },
      "sync" : {
        "lat_ns" : {
          "min" : 0,
          "max" : 0,
          "mean" : 0.000000,
          "stddev" : 0.000000,
          "percentile" : {
            "1.000000" : 0,
            "5.000000" : 0,
            "10.000000" : 0,
            "20.000000" : 0,
            "30.000000" : 0,
            "40.000000" : 0,
            "50.000000" : 0,
            "60.000000" : 0,
            "70.000000" : 0,
            "80.000000" : 0,
            "90.000000" : 0,
            "95.000000" : 0,
            "99.000000" : 0,
            "99.500000" : 0,
            "99.900000" : 0,
            "99.950000" : 0,
            "99.990000" : 0
          }
        },
        "total_ios" : 0
      },
      "usr_cpu" : 0.236465,
      "sys_cpu" : 0.050304,
      "ctx" : 162304,
      "majf" : 0,
      "minf" : 3614,
      "iodepth_level" : {
        "1" : 0.100000,
        "2" : 0.100000,
        "4" : 0.100000,
        "8" : 0.100000,
        "16" : 99.891120,
        "32" : 0.000000,
        ">=64" : 0.000000
      },
      "latency_ns" : {
        "2" : 0.000000,
        "4" : 0.000000,
        "10" : 0.000000,
        "20" : 0.000000,
        "50" : 0.000000,
        "100" : 0.000000,
        "250" : 0.000000,
        "500" : 0.000000,
        "750" : 0.000000,
        "1000" : 0.000000
      },
      "latency_us" : {
        "2" : 0.000000,
        "4" : 0.000000,
        "10" : 0.000000,
        "20" : 0.000000,
        "50" : 0.000000,
        "100" : 0.000000,
        "250" : 0.000000,
        "500" : 0.000000,
        "750" : 0.000000,
        "1000" : 0.000000
      },
      "latency_ms" : {
        "2" : 0.000000,
        "4" : 0.000000,
        "10" : 0.021474,
        "20" : 0.832028,
        "50" : 6.653500,
        "100" : 29.367163,
        "250" : 52.825144,
        "500" : 9.525826,
        "750" : 0.718913,
        "1000" : 0.044762,
        "2000" : 0.000000,
        ">=2000" : 0.000000
      },
      "latency_depth" : 16,
      "latency_target" : 0,
      "latency_percentile" : 100.000000,
      "latency_window" : 0
    }
  ],
  "disk_util" : [
    {
      "name" : "dm-0",
      "read_ios" : 0,
      "write_ios" : 702,
      "read_merges" : 0,
      "write_merges" : 0,
      "read_ticks" : 0,
      "write_ticks" : 5395,
      "in_queue" : 5395,
      "util" : 4.494560,
      "aggr_read_ios" : 0,
      "aggr_write_ios" : 947,
      "aggr_read_merges" : 0,
      "aggr_write_merge" : 0,
      "aggr_read_ticks" : 0,
      "aggr_write_ticks" : 5395,
      "aggr_in_queue" : 5395,
      "aggr_util" : 4.485025
    },
    {
      "name" : "sdy",
      "read_ios" : 0,
      "write_ios" : 947,
      "read_merges" : 0,
      "write_merges" : 0,